{"accessibilityPrompt":true,"alwaysOnTop":false,"appVersion":"1.9.3","arch":"arm64","asar":false,"blockExternalUrls":false,"bounce":false,"buildDate":1716989295633,"buildVersion":"1.9.3.1716989290","clearCache":false,"counter":false,"darwinDarkModeSupport":false,"disableContextMenu":false,"disableDevTools":false,"disableGpu":false,"disableOldBuildWarning":true,"electronVersionUsed":"25.7.0","enableEs3Apis":false,"fastQuit":false,"fullScreen":false,"height":800,"hideWindowFrame":false,"ignoreCertificate":false,"ignoreGpuBlacklist":false,"insecure":false,"internalUrls":".*?(login|profile|engine|auth|idp|identity|secure|sso|duosecurity|phonefactor|oauth|otpauth|signin|account.*)\\..*?(?<TLD>\\.\\w+?)(?:$|\\/)","isUpgrade":false,"maximize":false,"name":"Overleaf","nativefierVersion":"52.0.0","portable":false,"quiet":false,"showMenuBar":false,"singleInstance":false,"strictInternalUrls":false,"targetUrl":"https://overleaf.com/","tray":"false","userAgentHonest":true,"width":1280,"widevine":false,"win32metadata":{"ProductName":"Overleaf","InternalName":"Overleaf","FileDescription":"Overleaf"},"zoom":1,"oldBuildWarningText":""}